cities,PARAMETER,YEAR,JAN,FEB,MAR,APR,MAY,JUN,JUL,AUG,SEP,OCT,NOV,DEC,
Pune,Temperature,2000,22.26,23.03,26.55,31.12,28.9,26.08,24.46,24.52,25.15,25.38,23.52,21.52,
Pune,Temperature,2001,22.65,24.68,26.69,30.79,29.87,26.08,25.04,24.15,25.39,23.55,22.15,21.67,
Pune,Temperature,2002,20.64,25.35,28.32,31.41,30.83,26.94,25.63,24.38,24.93,25.65,24.14,22.66,
Pune,Temperature,2003,23.42,25.42,28.15,31.26,30.9,27.13,25.35,24.65,24.8,25.14,24.51,22.41,
Pune,Temperature,2004,21.96,24.57,29.26,30.39,29.05,26.13,25.06,23.93,24.48,22.78,22.08,20.5,
Pune,Temperature,2005,21.87,24.3,27.46,29.33,30.11,27.61,24.64,24.03,24.1,22.58,19.2,18.94,
Pune,Temperature,2006,20.51,25.02,27.13,30.09,30.27,26.54,24.18,23.37,24.41,23.66,21.51,19.88,
Pune,Temperature,2007,21.34,23.75,27.99,31.22,30.69,27.22,25.06,24.4,24.24,22.73,21.55,21.54,
Pune,Temperature,2008,21.13,23.25,27.85,30.58,29.82,26.11,25.33,24.34,23.97,23.02,22.05,21.43,
Pune,Temperature,2009,22.96,25.57,28.63,31.31,30.73,27.38,25.1,24.91,25.08,23.5,21.57,20.37,
Pune,Temperature,2010,21.06,24.67,29.09,31.46,31.71,26.69,24.9,24.42,24.42,23.73,23.2,19.09,
Pune,Temperature,2011,20.15,23.48,28.33,30.08,30.15,26.07,24.87,24.51,23.96,23.71,21.76,21.08,
Pune,Temperature,2012,20.73,24.43,27.15,30.68,30.42,27.37,25.53,24.87,24.61,24.14,22.91,22.78,
Pune,Temperature,2013,22.74,25.31,28.05,30.17,30.97,25.6,24.14,24.01,24.44,23.94,22.18,20.07,
Pune,Temperature,2014,22.12,23.12,26.94,30.83,31.35,29.34,25.8,24.76,24.08,23.95,22.01,19.81,
Pune,Temperature,2015,20.4,24,26.34,29.87,30.36,26.73,25.68,25.62,25.37,25.71,23.95,22.33,
Pune,Temperature,2016,21.88,25.53,28.87,31.37,31.26,27.51,24.65,24.16,23.66,22.42,19.93,20.51,
Pune,Temperature,2017,21.27,25.17,27.58,30.47,31.6,26.93,25.06,24.36,24.95,23.72,20.53,19.94,
Pune,Temperature,2018,20.68,24.51,28.34,31.18,31.63,26.77,24.77,24.15,24.58,25.94,24.43,21.31,
Pune,Temperature,2019,20.98,24.39,27.89,31.52,31.19,28.55,25.23,24.37,24.29,23.63,21.84,21.14,
Pune,Temperature,2020,19.92,23.37,26.78,31.58,31.67,26.02,25.07,24.37,24.6,24.07,21.69,19.94,
Pune,Temperature,2021,22.17,22.88,28.58,30.53,28.79,25.98,25.03,24.48,24.3,23.86,22.79,20,
Pune,Temperature,2022,19.53,23.1,29.01,31.46,30.44,27.37,24.45,24.16,24.06,22.62,20.15,21.12,
Pune,Humidity,2000,44.88,53.62,35,45.25,67.12,84.12,88.19,88.25,85.44,74.44,60.5,53.62,
Pune,Humidity,2001,48.88,33.75,47.56,38.81,60.56,81.5,86.81,90.19,87.06,81.81,68.75,66.69,
Pune,Humidity,2002,54.31,44.12,36.5,37.94,59.62,79.44,84.44,88.75,86.12,69.88,54.62,56.75,
Pune,Humidity,2003,43.38,41.25,32.31,40.5,53.44,78.94,88.56,89.62,88.62,76,64.38,63.06,
Pune,Humidity,2004,51.75,35.94,26.88,47.69,64.5,83.75,87.19,91.81,88.69,80.31,71,61.69,
Pune,Humidity,2005,52.75,46.81,40.44,42.5,56.62,78.5,91.62,91.81,92.25,81.44,73.44,80.38,
Pune,Humidity,2006,52.31,37.75,45.75,46.44,59.19,82.62,91.62,92.94,90.88,82.81,81.12,66.31,
Pune,Humidity,2007,56.56,55.94,37.94,39.75,56.62,80.19,90.12,91.5,91.25,76.75,70,52.94,
Pune,Humidity,2008,48,42.62,39.38,41.38,59.19,83.56,87.44,91,90.19,77.81,71.56,36.38,
Pune,Humidity,2009,51.12,38.94,34.38,37.06,54.31,77,89.38,89.38,88.75,79.06,79.06,56.5,
Pune,Humidity,2010,62.38,53.56,42.81,42.44,56.56,84.25,90.5,91.94,89.94,85.06,85.81,47.38,
Pune,Humidity,2011,58.5,52.31,35.31,48.25,58.19,83.88,88.94,91.06,90.19,82.69,70.31,52,
Pune,Humidity,2012,56.31,37.94,29.88,41.25,56.56,74.75,86.69,88.81,88.94,80.31,69.31,58.44,
Pune,Humidity,2013,52.69,48.94,35.62,47.25,57.19,86.56,92.06,90.5,89.5,85.12,73.5,63.81,
Pune,Humidity,2014,59.56,53.44,44,39.12,51.62,69.25,85.62,90.25,88.44,77.62,70.31,67.06,
Pune,Humidity,2015,58.31,44.38,49.25,48.94,58.56,80.69,86.19,86.75,85.5,76.38,69.44,66.06,
Pune,Humidity,2016,46.56,48.06,37.94,43.5,57.25,78.56,91.69,91.88,91.5,80.75,64.19,63.38,
Pune,Humidity,2017,50.75,39.25,37.75,40.44,53.94,82.5,90.56,90.94,89.62,80.19,71.94,70.56,
Pune,Humidity,2018,56.12,45.38,39.75,39.69,53.06,83.19,91.25,91.31,86.56,69.62,60.62,73.38,
Pune,Humidity,2019,38.06,38.5,34.12,38.75,51.94,73.31,91.38,92.31,92.75,88.19,83.25,58.38,
Pune,Humidity,2020,73.5,56.56,52.69,42.88,54,84,89.88,93.5,91.81,86.56,81.19,61.38,
Pune,Humidity,2021,70.19,52.69,37.69,44.56,67.44,87.12,91.12,90.12,92.12,84.12,82.5,64.56,
Pune,Humidity,2022,71.06,56.62,40,41.12,60.62,75.62,91.81,91.94,91.44,86,78.31,62.06,
Pune,Windspeed,2001,1.61,1.95,2.86,2.45,4.49,5.48,5.6,4.53,2.34,2.3,1.87,1.63,
Pune,Windspeed,2002,2.24,1.87,2.49,2.62,4.41,4.55,5.58,4.92,2.87,2.1,1.82,1.65,
Pune,Windspeed,2003,1.75,2,2.23,2.6,4.36,4.84,4.93,4.56,3.5,1.96,1.95,1.73,
Pune,Windspeed,2004,2.02,1.77,2.23,3.14,3.75,4.94,4.57,5.62,2.27,2.02,1.86,1.9,
Pune,Windspeed,2005,1.82,2.16,2.52,2.27,3.72,4.68,5.08,4.45,3.39,1.95,1.88,1.65,
Pune,Windspeed,2006,1.87,1.82,2.27,3.01,3.91,3.8,6.02,5.26,2.18,1.94,1.7,1.76,
Pune,Windspeed,2007,1.6,2.15,2.32,2.5,4.05,4.22,4.82,4.55,2.84,1.92,1.94,1.84,
Pune,Windspeed,2008,1.98,2.08,1.84,2.56,4.56,5.09,4.9,4.2,2.76,1.77,2.07,1.62,
Pune,Windspeed,2009,1.78,1.86,2.12,2.66,3.88,4.48,5.98,3.95,2.57,2.09,2.04,1.63,
Pune,Windspeed,2010,1.72,2.19,2.48,2.77,4.12,3.8,4.81,4.06,2.69,1.95,1.8,1.8,
Pune,Windspeed,2011,1.66,1.92,2.31,2.35,3.93,5.23,4.93,4.62,3.21,1.84,2.11,1.63,
Pune,Windspeed,2012,2.05,2.02,2.23,2.73,4.45,4.83,5.29,4.99,3.5,1.77,1.57,1.8,
Pune,Windspeed,2013,1.76,2.02,2.49,3.09,4.41,4.73,5.91,4.34,2.88,2.18,1.99,1.83,
Pune,Windspeed,2014,2.1,2.41,2.17,2.22,3.18,5.03,5.68,3.7,3.11,1.77,1.84,1.82,
Pune,Windspeed,2015,1.79,2.1,2.13,2.59,3.45,4.67,5.45,3.98,2.55,1.62,2.04,1.84,
Pune,Windspeed,2016,1.73,1.97,2.18,2.89,4.05,4.52,4.66,4.66,3.25,1.8,1.7,1.75,
Pune,Windspeed,2017,1.63,1.96,2.16,2.99,3.67,4.14,5.62,3.98,2.08,1.56,1.71,1.85,
Pune,Windspeed,2018,1.48,1.57,1.98,2.45,3.53,4.39,5.73,5.41,2.63,1.78,1.63,1.9,
Pune,Windspeed,2019,1.82,2.09,2.34,2.88,3.95,4.1,4.86,4.75,3.44,1.85,1.66,1.79,
Pune,Windspeed,,1.86,1.93,2.44,2.5,3.4,3.43,3.66,4.74,2.13,1.6,1.75,1.59,
Pune,Windspeed,2021,1.41,1.78,1.7,2.18,3.17,3.98,4.84,3.53,3.46,1.67,2.03,1.64,
Pune,Windspeed,2022,1.8,1.81,2.17,2.45,4.4,3.87,4.97,4.43,2.66,2.06,1.73,1.64,
Pune,Precipitation,2000,0,0,0,0,0,5.27,5.27,5.27,0,0,0,0,
Pune,Precipitation,2001,0,0,0,0,0,0,5.27,5.27,5.27,5.27,0,0,
Pune,Precipitation,2002,0,0,0,0,0,5.27,0,5.27,0,0,0,0,
Pune,Precipitation,2003,0,0,0,0,0,5.27,5.27,0,0,0,0,0,
Pune,Precipitation,2004,0,0,0,0,0,5.27,5.27,5.27,5.27,0,0,0,
Pune,Precipitation,2005,0,0,0,0,0,5.27,10.55,5.27,10.55,0,0,0,
Pune,Precipitation,2006,0,0,0,0,5.27,5.27,10.55,10.55,5.27,0,0,0,
Pune,Precipitation,2007,0,0,0,0,0,5.27,5.27,5.27,5.27,0,0,0,
Pune,Precipitation,2008,0,0,0,0,0,5.27,5.27,5.27,5.27,0,0,0,
Pune,Precipitation,2009,0,0,0,0,0,0,5.27,5.27,5.27,5.27,5.27,0,
Pune,Precipitation,2010,0,0,0,0,0,5.27,5.27,5.27,0,5.27,0,0,
Pune,Precipitation,2011,0,0,0,0,0,5.27,5.27,5.27,5.27,5.27,0,0,
Pune,Precipitation,2012,0,0,0,0,0,0,5.27,5.27,0,5.27,0,0,
Pune,Precipitation,2013,0,0,0,0,0,5.27,5.27,0,5.27,0,0,0,
Pune,Precipitation,2014,0,0,0,0,0,0,5.27,5.27,5.27,0,0,0,
Pune,Precipitation,2015,0,0,0,0,0,5.27,0,0,5.27,0,0,0,
Pune,Precipitation,2016,0,0,0,0,0,5.27,10.55,5.27,5.27,0,0,0,
Pune,Precipitation,2017,0,0,0,0,0,5.27,5.27,5.27,5.27,5.27,0,0,
Pune,Precipitation,2018,0,0,0,0,0,5.27,5.27,5.27,0,0,0,0,
Pune,Precipitation,2019,0,0,0,0,0,5.27,10.55,5.27,10.55,5.27,0,0,
Pune,Precipitation,2020,0,0,0,0,0,10.55,5.27,10.55,5.27,5.27,0,0,
Pune,Precipitation,2021,0.51,0.19,0,0.46,4.51,5.81,8.32,3.07,5.45,2.35,0.96,1.88,
Pune,Precipitation,2022,0.02,0,0.04,0.22,0.4,4.09,10.27,7.15,6.69,5.18,0.01,0.07,
Pune,ALLSKY_SFC_SW_DWN,2000,5.08,6.03,6.76,7.64,6.81,5.19,5.44,4.63,5.49,5.57,4.95,4.67,
Pune,ALLSKY_SFC_SW_DWN,2001,4.87,6.03,6.77,6.71,7.05,5.1,4.15,4.12,4.94,5.03,5.21,4.83,
Pune,ALLSKY_SFC_SW_DWN,2002,5.06,5.64,6.49,6.96,7.03,4.79,4.78,3.89,5.26,5.31,5.26,4.89,
Pune,ALLSKY_SFC_SW_DWN,2003,4.69,5.93,6.6,6.95,7.4,5.63,4.38,4.37,4.79,5.51,5.15,4.96,
Pune,ALLSKY_SFC_SW_DWN,2004,5.05,6.02,6.8,7.23,6.54,5.14,4.57,4.23,4.96,5.49,4.94,4.98,
Pune,ALLSKY_SFC_SW_DWN,2005,4.9,6.05,6.81,6.53,7.03,5.33,4.06,4.29,4.12,4.98,5.47,4.83,
Pune,ALLSKY_SFC_SW_DWN,2006,5.22,6,6.36,7.09,6.66,5.53,3.91,3.84,4.92,4.98,4.73,4.81,
Pune,ALLSKY_SFC_SW_DWN,2007,5.01,5.95,6.59,6.91,6.95,5.31,4.26,4.27,4.64,5.47,5.16,4.57,
Pune,ALLSKY_SFC_SW_DWN,2008,5.19,5.83,6.17,7.03,7.37,4.71,4.59,4.27,4.94,5.63,4.78,4.66,
Pune,ALLSKY_SFC_SW_DWN,2009,5.14,5.95,6.44,7.01,6.93,6.1,3.97,4.47,4.85,5.2,4.47,4.68,
Pune,ALLSKY_SFC_SW_DWN,2010,4.82,5.6,6.39,6.72,6.95,5.49,4.16,4.2,4.88,5.09,4.26,4.72,
Pune,ALLSKY_SFC_SW_DWN,2011,5.24,5.9,6.76,6.81,6.86,4.5,4.17,4.01,4.5,4.92,4.99,4.8,
Pune,ALLSKY_SFC_SW_DWN,2012,5.21,5.94,6.88,6.84,7.22,5.65,4.06,4.46,4.42,5.01,4.77,4.78,
Pune,ALLSKY_SFC_SW_DWN,2013,5.01,5.68,6.52,7.16,6.83,4.49,3.49,4.29,4.79,4.9,4.79,4.94,
Pune,ALLSKY_SFC_SW_DWN,2014,4.73,5.73,6.15,6.6,6.5,5.97,4.2,4.37,4.82,5,4.79,4.63,
Pune,ALLSKY_SFC_SW_DWN,2015,4.86,5.89,6.07,6.82,6.6,5.31,4.76,4.69,4.99,5.1,4.66,4.83,
Pune,ALLSKY_SFC_SW_DWN,2016,4.98,5.67,6.36,6.78,7.03,4.78,3.71,4.36,4,5.04,5.18,4.83,
Pune,ALLSKY_SFC_SW_DWN,2017,4.94,5.99,6.8,7.29,6.81,5.28,4.46,4.27,4.79,4.8,4.93,4.42,
Pune,ALLSKY_SFC_SW_DWN,2018,4.84,5.55,6.03,6.78,6.67,4.87,3.73,3.74,5.16,5.33,4.88,4.56,
Pune,ALLSKY_SFC_SW_DWN,2019,5.06,5.83,6.75,6.98,7.44,5.43,4.24,4.37,4.08,4.26,4.64,3.9,
Pune,ALLSKY_SFC_SW_DWN,2020,4.72,5.42,6.41,6.86,6.96,5.1,4.58,3.87,4.53,4.33,4.82,4.49,
Pune,ALLSKY_SFC_SW_DWN,2021,4.38,5.49,6.2,6.34,5.77,5.04,4.27,4.18,4.14,5.18,4.04,3.87,
Pune,ALLSKY_SFC_SW_DWN,2022,4.69,5.65,5.92,6.29,6.39,5.39,3.9,4.29,4.12,4.61,4.94,4.39,
Pune,CLRSKY_SFC_SW_DWN,2000,5.08,6.07,6.76,7.67,7.37,7.14,7.32,7.07,6.42,5.97,5,4.79,
Pune,CLRSKY_SFC_SW_DWN,2001,5.18,6.24,6.96,7.26,7.67,7.14,6.86,6.81,6.43,5.99,5.37,4.98,
Pune,CLRSKY_SFC_SW_DWN,2002,5.36,5.96,6.81,7.36,7.46,7.11,6.84,6.68,6.56,5.99,5.42,5,
Pune,CLRSKY_SFC_SW_DWN,2003,5.03,6.06,6.74,7.39,7.7,7.34,6.95,6.82,6.49,5.97,5.33,5.05,
Pune,CLRSKY_SFC_SW_DWN,2004,5.26,6.12,6.94,7.49,7.4,7.22,7.07,6.81,6.54,6.03,5.3,5.12,
Pune,CLRSKY_SFC_SW_DWN,2005,5.25,6.19,7,7.25,7.57,7.22,6.91,6.82,6.45,5.96,5.53,5.05,
Pune,CLRSKY_SFC_SW_DWN,2006,5.42,6.21,6.8,7.31,7.43,7.21,6.75,6.78,6.44,5.86,5.15,4.92,
Pune,CLRSKY_SFC_SW_DWN,2007,5.19,6.03,6.7,7.22,7.5,7.27,6.83,6.81,6.48,5.89,5.33,4.83,
Pune,CLRSKY_SFC_SW_DWN,2008,5.24,5.97,6.71,7.3,7.67,6.64,6.74,6.69,6.5,5.98,5.2,4.9,
Pune,CLRSKY_SFC_SW_DWN,2009,5.27,5.98,6.72,7.32,7.32,7.22,6.9,6.64,6.34,5.88,5.24,4.82,
Pune,CLRSKY_SFC_SW_DWN,2010,4.99,5.83,6.56,7.26,7.4,7.21,6.95,6.86,6.45,5.75,5.21,4.9,
Pune,CLRSKY_SFC_SW_DWN,2011,5.34,5.99,6.86,7.14,7.38,6.85,6.79,6.69,6.43,5.71,5.17,4.87,
Pune,CLRSKY_SFC_SW_DWN,2012,5.3,6.04,6.97,7.22,7.51,7.23,6.71,6.7,6.4,5.77,5.01,4.93,
Pune,CLRSKY_SFC_SW_DWN,2013,5.11,5.83,6.72,7.35,7.36,6.89,6.91,6.78,6.41,5.72,5.15,5.02,
Pune,CLRSKY_SFC_SW_DWN,2014,4.96,5.91,6.6,7.02,7.29,7.11,6.92,6.71,6.3,5.69,5.09,4.83,
Pune,CLRSKY_SFC_SW_DWN,2015,5.15,6.1,6.58,7.21,7.32,7.11,6.81,6.79,6.26,5.59,5.02,4.9,
Pune,CLRSKY_SFC_SW_DWN,2016,5.1,5.86,6.6,7.15,7.5,7.03,6.81,6.78,6.14,5.79,5.21,5.04,
Pune,CLRSKY_SFC_SW_DWN,2017,5.05,6.05,6.91,7.46,7.29,7.11,6.95,6.62,6.29,5.63,5.1,4.75,
Pune,CLRSKY_SFC_SW_DWN,2018,4.88,5.91,6.43,7.13,7.11,6.78,6.67,6.42,6.43,5.69,5.14,4.66,
Pune,CLRSKY_SFC_SW_DWN,2019,5.08,5.91,6.86,7.37,7.62,7.1,6.9,6.7,6.37,5.72,5,4.45,
Pune,CLRSKY_SFC_SW_DWN,2020,4.95,5.71,6.69,7.14,7.43,7.12,7.07,6.81,6.29,5.55,5.13,4.72,
Pune,CLRSKY_SFC_SW_DWN,2021,4.73,5.68,6.47,6.92,6.99,7.11,6.87,6.72,6.38,5.72,4.99,4.44,
Pune,CLRSKY_SFC_SW_DWN,2022,5.04,5.79,6.31,6.78,7.09,7.11,7.08,6.83,6.43,5.91,4.97,4.67,
,,,,,,,,,,,,,,,
,,,,,,,,,,,,,,,
Kohlapur,Temperature,2000,23.15,23.49,27,30.44,27.62,24.61,23.3,23.13,24.01,24.18,22.53,21,
Kohlapur,Temperature,2001,23.08,25.23,26.44,29.83,28.44,24.71,23.78,23.24,23.76,23.12,22.86,21.74,24.54
Kohlapur,Temperature,2002,21.79,25.62,28.41,31.01,29.01,25.39,24.31,23.4,23.65,24.64,23.58,22.64,24.68
Kohlapur,Temperature,2003,23.72,26.08,28.43,30.7,30.01,26.3,24.14,23.8,23.77,24.55,24.08,22.47,25.28
Kohlapur,Temperature,2004,22.48,25.22,29.23,30.11,27.69,24.65,23.81,23.14,23.76,23.29,22.75,21.37,25.66
Kohlapur,Temperature,2005,22.87,25.07,27.51,29.48,29.05,26.14,24.19,23.37,23.5,22.99,19.88,19.95,24.79
Kohlapur,Temperature,2006,21.55,25.13,27.03,29.72,29.19,24.88,23.4,22.83,23.69,23.73,22.1,20.47,24.49
Kohlapur,Temperature,2007,22.22,24.16,28.36,30.73,28.99,25.94,24.09,23.51,23.46,23.19,21.26,21.94,24.47
Kohlapur,Temperature,2008,21.61,23.77,27.29,29.53,28.23,24.91,24.35,23.54,23.29,23.22,22.56,21.83,24.82
Kohlapur,Temperature,2009,23.16,26.08,28.67,30.69,29.69,25.83,23.77,23.9,24.39,23.13,22.05,21.58,24.51
Kohlapur,Temperature,2010,22.37,25.32,29.13,30.5,30.61,25.98,24.05,23.55,23.87,23.66,23.36,20.08,25.23
Kohlapur,Temperature,2011,21.45,23.8,28.44,29.23,29.01,25.01,23.92,23.48,23.19,23.83,22.27,21.95,25.19
Kohlapur,Temperature,2012,21.75,25.26,27.33,30,29.57,26,24.1,23.83,23.59,23.7,23.08,22.8,24.64
Kohlapur,Temperature,2013,23.2,25.68,28.27,29.24,29.36,24.8,23.47,23.22,23.71,23.53,22.35,20.82,25.08
Kohlapur,Temperature,2014,22.65,23.76,27.34,30.28,29.83,27.3,24.56,24.08,23.85,24.12,22.17,21.26,24.8
Kohlapur,Temperature,2015,21.37,24.28,27.21,29.33,29.84,25.56,24.6,24.41,24.5,25.68,24.94,24.2,25.1
Kohlapur,Temperature,2016,22.86,25.98,28.86,30.83,30.33,25.38,23.55,23.26,22.75,22.19,20.41,21.23,25.5
Kohlapur,Temperature,2017,21.98,25.3,27.31,29.93,29.99,25.6,24.15,23.76,24.23,23.43,20.94,20.11,24.8
Kohlapur,Temperature,2018,21.27,24.56,28.05,30.62,29.31,25.12,23.58,23.04,23.53,24.16,23.25,21.58,24.72
Kohlapur,Temperature,2019,21.58,25.05,27.95,30.8,30.43,27.19,24.33,23.5,23.5,23.41,21.99,21.67,24.83
Kohlapur,Temperature,2020,21.2,24.19,27.36,30.55,30.81,25.08,24.02,23.64,23.76,23.56,22.06,20.59,25.11
Kohlapur,Temperature,2021,22.94,23.66,28.69,29.61,27.84,24.71,23.78,23.4,23.43,23.83,23.11,20.79,24.73
Kohlapur,Temperature,2022,20.02,23.4,28.53,29.67,28.69,25.65,23.71,23.35,23.34,22.68,21.1,21.98,24.65
Kohlapur,Humidity,2000,32.5,46.25,32.94,42.75,63.88,82.88,86.31,87.56,83.69,73.69,60.38,38.81,24.34
Kohlapur,Humidity,2001,40.81,28.44,42.12,43.19,58.69,79.75,83.62,87,84.38,78.81,63.31,47.19,61
Kohlapur,Humidity,2002,44.94,37.44,35.38,38,60.06,80.38,83,85.81,82.25,70.81,52.56,41.38,61.62
Kohlapur,Humidity,2003,41.06,36.31,33.75,39,50.75,74.5,86.56,86.12,83.88,71.88,53.56,40.31,59.5
Kohlapur,Humidity,2004,43.31,31.88,33.75,42.19,64.81,83.25,85.75,87.69,84.75,75.19,59.56,43.12,58.25
Kohlapur,Humidity,2005,39.5,37.12,37.19,43.31,54.62,77.19,87.38,89.5,89.19,80.69,69.75,58.56,61.38
Kohlapur,Humidity,2006,42.25,30.81,42.62,41.62,56.12,83.81,88.25,89.94,88.19,79.5,77.31,60,63.81
Kohlapur,Humidity,2007,43.94,44.81,35.5,40,57.81,78.5,87.88,89.12,88.69,75.81,65.81,56.06,65.25
Kohlapur,Humidity,2008,40.31,38.75,42.31,44,59,81.56,82.75,87.06,86.56,74.69,65.88,54.12,63.75
Kohlapur,Humidity,2009,41.12,31.5,33.19,39.62,52.12,75.19,87.31,86.06,84.75,77.88,75.06,63.62,63.12
Kohlapur,Humidity,2010,55.19,43.12,35.19,41.31,52.44,78,86.44,89,86.81,82.12,81.06,66.44,62.44
Kohlapur,Humidity,2011,45,43.94,31.75,45.19,54.88,80.81,85.31,88.19,87.06,79.12,63.25,46.25,66.56
Kohlapur,Humidity,2012,43.75,29.12,27.69,40.69,51.5,72.5,85.06,86.12,85.31,73.44,64.62,49.69,62.62
Kohlapur,Humidity,2013,40.69,39.12,34.44,44.62,56,83.25,88.56,87.5,86.44,82.06,68.88,51.56,59.19
Kohlapur,Humidity,2014,49.12,45.62,40.38,38.44,51.44,69.94,83.12,85.31,84,73.19,65.25,55.31,63.75
Kohlapur,Humidity,2015,45.19,34.5,44.81,44.5,54.38,77,82.31,82.5,80.31,67.94,56.62,41.88,61.88
Kohlapur,Humidity,2016,36.06,40.44,38,39.81,52.25,80.38,90.06,89.44,88.62,78.06,60.56,47.94,59.5
Kohlapur,Humidity,2017,39.19,29.5,38.62,40,53.5,79,85.94,86.25,86.75,82.25,71.88,64,61.88
Kohlapur,Humidity,2018,45.94,32.38,37,37.62,56.81,83.38,88.81,88.75,83.31,68.69,59.44,50.31,63.31
Kohlapur,Humidity,2019,34.19,34.31,34.06,38.69,47.31,71.69,88.56,90.56,90.19,87,82,78.12,61.19
Kohlapur,Humidity,2020,66.38,45.94,43.69,42.38,51.38,83,87.94,91.31,89.19,86.62,80.62,72.06,64.94
Kohlapur,Humidity,2021,65.12,46.69,33.75,44.75,67.38,85.19,89.75,88.12,89.25,82.31,80.5,76.5,70.12
Kohlapur,Humidity,2022,64.75,47.75,37,47.19,60.88,76.5,88.31,89.38,89.06,83.12,77,69.31,70.94
Kohlapur,Windspeed,2000,2.33,2.42,2.24,3.16,3.87,4.49,5.52,4.59,2.6,1.26,2.03,2.54,69.31
Kohlapur,Windspeed,2001,1.94,1.91,2.77,2.34,4.23,5.8,5.75,4.86,2.55,2.48,2.45,2.55,3.09
Kohlapur,Windspeed,2002,2.5,1.97,2.32,2.58,3.98,4.6,5.49,5.09,2.95,2.17,2.06,1.96,3.31
Kohlapur,Windspeed,2003,1.91,2.02,2.21,2.46,4.14,4.92,5.02,4.59,3.55,1.89,2.24,2.3,3.15
Kohlapur,Windspeed,2004,2.08,2,2.12,2.78,3.76,5.11,4.6,5.7,2.51,2.52,2.52,2.49,3.11
Kohlapur,Windspeed,2005,2.03,2.21,2.38,2.2,3.38,4.87,5.32,4.72,3.55,2.02,2.52,2.29,3.19
Kohlapur,Windspeed,2006,2.4,2.19,2.35,2.94,3.67,3.93,6.35,5.27,2.73,2.3,2.24,2.37,3.13
Kohlapur,Windspeed,2007,1.87,2.2,2.27,2.38,3.75,4.75,5.17,4.74,3.26,2,2.2,2.27,3.24
Kohlapur,Windspeed,2008,2.14,2.12,1.88,2.48,4.12,5.36,5.05,4.29,3.07,2.23,2.64,2.18,3.08
Kohlapur,Windspeed,2009,2.11,1.8,2.09,2.64,3.74,4.43,6.74,3.98,2.63,2.33,2.57,2.09,3.13
Kohlapur,Windspeed,2010,1.97,2.24,2.4,2.45,3.87,4.52,5.12,4.33,2.93,2.22,2.07,2.13,3.11
Kohlapur,Windspeed,2011,2.12,2.11,2.3,2.48,3.63,5.71,5.49,4.9,3.5,2.05,2.74,2.36,3.02
Kohlapur,Windspeed,2012,2.03,2.14,2.33,2.41,4.06,5.22,5.4,4.99,3.55,2.34,1.59,2.1,3.29
Kohlapur,Windspeed,2013,1.8,2.09,2.58,3.06,4.14,5.48,6.3,4.52,2.71,2.36,2.16,2.2,3.19
Kohlapur,Windspeed,2014,2.16,2.44,2.27,2.25,2.9,4.85,6.08,3.99,3.21,1.88,2.27,2.27,3.29
Kohlapur,Windspeed,2015,2.04,2.08,2.19,2.56,3.33,5.09,5.49,4.02,2.67,1.69,2.3,2.28,3.05
Kohlapur,Windspeed,2016,2.04,2.01,2.28,2.92,3.81,4.4,4.88,4.73,3.16,2.02,2.15,2.37,2.98
Kohlapur,Windspeed,2017,2.05,2.27,2.23,2.81,3.45,4.68,5.61,3.87,2.26,1.6,1.93,2.27,3.07
Kohlapur,Windspeed,2018,1.84,1.91,1.97,2.38,3.02,4.49,5.82,5.42,2.4,1.74,1.86,2.05,2.92
Kohlapur,Windspeed,2019,2.12,2.19,2.4,2.72,3.69,4.11,4.97,4.99,3.7,1.94,2.02,2.06,2.91
Kohlapur,Windspeed,2020,1.96,2.14,2.46,2.42,3.06,4.05,4.02,4.95,2.72,1.82,2.3,2.09,3.09
Kohlapur,Windspeed,2021,1.56,2.19,1.91,2.18,3.14,4.05,4.84,3.55,3.7,1.82,2.16,1.84,2.84
Kohlapur,Windspeed,2022,1.97,1.91,2.16,2.1,3.91,3.86,5.01,4.46,2.73,1.87,2.16,2.05,2.75
Kohlapur,Precipitation,2000,0,0,0,0,0,5.27,10.55,5.27,0,0,0,0,2.86
Kohlapur,Precipitation,2001,0,0,0,0,0,5.27,5.27,5.27,5.27,0,0,0,0
Kohlapur,Precipitation,2002,0,0,0,0,0,10.55,0,5.27,0,0,0,0,0
Kohlapur,Precipitation,2003,0,0,0,0,0,5.27,5.27,5.27,0,0,0,0,0
Kohlapur,Precipitation,2004,0,0,0,0,0,10.55,5.27,5.27,5.27,0,0,0,0
Kohlapur,Precipitation,2005,0,0,0,0,0,5.27,10.55,5.27,5.27,0,0,0,0
Kohlapur,Precipitation,2006,0,0,0,0,5.27,10.55,10.55,5.27,5.27,0,0,0,5.27
Kohlapur,Precipitation,2007,0,0,0,0,0,10.55,5.27,10.55,5.27,0,0,0,5.27
Kohlapur,Precipitation,2008,0,0,0,0,0,5.27,5.27,5.27,5.27,0,0,0,5.27
Kohlapur,Precipitation,2009,0,0,0,0,0,5.27,10.55,5.27,5.27,5.27,0,0,0
Kohlapur,Precipitation,2010,0,0,0,0,0,5.27,10.55,5.27,5.27,5.27,0,0,0
Kohlapur,Precipitation,2011,0,0,0,0,0,5.27,10.55,5.27,5.27,0,0,0,5.27
Kohlapur,Precipitation,2012,0,0,0,0,0,5.27,5.27,5.27,5.27,0,0,0,0
Kohlapur,Precipitation,2013,0,0,0,0,0,10.55,10.55,0,5.27,0,0,0,0
Kohlapur,Precipitation,2014,0,0,0,0,0,0,10.55,5.27,0,0,0,0,0
Kohlapur,Precipitation,2015,0,0,0,0,0,5.27,5.27,0,5.27,0,0,0,0
Kohlapur,Precipitation,2016,0,0,0,0,0,10.55,15.82,10.55,5.27,0,0,0,0
Kohlapur,Precipitation,2017,0,0,0,0,0,5.27,10.55,5.27,10.55,5.27,0,0,5.27
Kohlapur,Precipitation,2018,0,0,0,0,0,10.55,10.55,5.27,5.27,0,0,0,5.27
Kohlapur,Precipitation,2019,0,0,0,0,0,5.27,15.82,15.82,10.55,5.27,0,0,5.27
Kohlapur,Precipitation,2020,0,0,0,0,0,10.55,10.55,15.82,5.27,5.27,0,0,5.27
Kohlapur,Precipitation,2021,0.17,0.19,0,1.23,4.84,12.3,20.35,3.49,5.79,3.01,1.51,2.31,5.27
Kohlapur,Precipitation,2022,0.03,0,0.25,1.27,1.9,5.53,13.12,10.82,6.58,5.94,0.04,0.02,4.63
Kohlapur,ALLSKY_SFC_SW_DWN,2000,5.4,6.25,6.92,7.4,6.55,4.8,5.05,4.54,5.3,5.28,5.12,4.87,3.83
Kohlapur,ALLSKY_SFC_SW_DWN,2001,4.89,6.19,6.73,6.56,6.69,4.68,3.93,3.92,4.83,4.97,5.23,4.91,5.62
Kohlapur,ALLSKY_SFC_SW_DWN,2002,5.24,5.79,6.52,6.86,6.56,4.37,4.38,3.84,5.55,4.99,5.35,4.96,5.29
Kohlapur,ALLSKY_SFC_SW_DWN,2003,4.96,6.03,6.42,6.8,7.18,5.05,4.17,4.15,4.83,5.23,5.23,5.13,5.36
Kohlapur,ALLSKY_SFC_SW_DWN,2004,5.25,6.18,6.85,7.1,5.84,4.64,4.3,4.02,4.64,5.52,5.11,5.24,5.42
Kohlapur,ALLSKY_SFC_SW_DWN,2005,5.07,6.16,6.75,6.34,6.8,4.93,3.72,3.89,3.98,5.09,5.42,5.03,5.39
Kohlapur,ALLSKY_SFC_SW_DWN,2006,5.44,6.3,6.55,6.93,6.26,4.99,3.65,3.8,4.76,4.99,4.49,5,5.26
Kohlapur,ALLSKY_SFC_SW_DWN,2007,5.26,6.09,6.4,6.7,6.62,4.45,3.99,4.11,4.2,4.95,5.38,4.79,5.25
Kohlapur,ALLSKY_SFC_SW_DWN,2008,5.46,5.73,6.07,6.94,7.05,4.55,4.4,3.97,4.43,5.6,4.88,4.95,5.24
Kohlapur,ALLSKY_SFC_SW_DWN,2009,5.46,6.12,6.36,6.51,6.66,5.12,3.68,4.48,4.39,4.81,4.56,4.59,5.33
Kohlapur,ALLSKY_SFC_SW_DWN,2010,4.75,5.84,6.2,6.63,6.71,4.95,3.76,4.03,4.47,4.85,4.3,4.71,5.22
Kohlapur,ALLSKY_SFC_SW_DWN,2011,5.48,6.02,6.75,6.54,6.57,4.01,3.91,3.83,4.75,5.02,5.02,4.91,5.09
Kohlapur,ALLSKY_SFC_SW_DWN,2012,5.34,6.05,6.73,6.55,6.68,5.05,3.86,4.19,4.53,5.04,4.72,5.01,5.23
Kohlapur,ALLSKY_SFC_SW_DWN,2013,5.31,5.79,6.44,7.12,6.46,4.03,3.18,4.25,4.48,4.85,4.95,5.11,5.31
Kohlapur,ALLSKY_SFC_SW_DWN,2014,4.8,5.65,6.3,6.13,6.27,5.41,3.76,4.12,4.57,5.18,4.92,4.63,5.16
Kohlapur,ALLSKY_SFC_SW_DWN,2015,4.99,6.12,5.96,6.79,6.4,4.74,4.65,4.49,5.07,5.16,4.78,4.8,5.14
Kohlapur,ALLSKY_SFC_SW_DWN,2016,5.01,5.7,6.38,6.8,6.67,4.15,3.4,4.02,4.31,5.2,5.26,4.9,5.32
Kohlapur,ALLSKY_SFC_SW_DWN,2017,5.12,6.27,6.83,7.09,6.51,4.75,4.25,4.34,4.48,4.7,5.05,4.69,5.15
Kohlapur,ALLSKY_SFC_SW_DWN,2018,4.99,5.77,6.12,6.62,6.12,4.37,3.32,3.53,5.5,5.49,5,4.67,5.33
Kohlapur,ALLSKY_SFC_SW_DWN,2019,5.23,6.14,6.77,6.81,7.06,4.88,3.96,3.85,3.97,4.38,4.84,4.33,5.12
Kohlapur,ALLSKY_SFC_SW_DWN,2020,4.99,5.76,6.49,6.65,6.51,4.74,4.11,3.51,4.44,4.27,4.81,4.85,5.18
Kohlapur,ALLSKY_SFC_SW_DWN,2021,4.69,5.68,6.39,6.42,5.61,4.51,3.84,4.27,4.11,5.2,3.96,4.36,5.09
Kohlapur,ALLSKY_SFC_SW_DWN,2022,5.04,5.9,5.84,6.05,5.67,5,3.6,3.94,4.49,4.68,4.74,4.55,4.92
Kohlapur,CLRSKY_SFC_SW_DWN,2000,5.4,6.25,6.93,7.41,7.34,7.08,7.24,7.1,6.47,6,5.17,5.09,4.95
Kohlapur,CLRSKY_SFC_SW_DWN,2001,5.44,6.39,7.05,7.26,7.6,7.13,6.85,6.88,6.62,6.12,5.58,5.28,6.46
Kohlapur,CLRSKY_SFC_SW_DWN,2002,5.59,6.27,6.87,7.35,7.4,6.94,6.82,6.72,6.8,6.08,5.62,5.26,6.52
Kohlapur,CLRSKY_SFC_SW_DWN,2003,5.35,6.25,6.78,7.34,7.54,7.22,6.9,6.84,6.67,6.04,5.53,5.35,6.48
Kohlapur,CLRSKY_SFC_SW_DWN,2004,5.58,6.35,7.01,7.42,7.32,7.09,7.1,6.9,6.67,6.26,5.6,5.41,6.48
Kohlapur,CLRSKY_SFC_SW_DWN,2005,5.48,6.39,7.08,7.16,7.42,7.06,6.9,6.84,6.61,6.06,5.71,5.31,6.56
Kohlapur,CLRSKY_SFC_SW_DWN,2006,5.62,6.47,6.98,7.25,7.35,7.23,6.75,6.91,6.68,6.1,5.4,5.22,6.5
Kohlapur,CLRSKY_SFC_SW_DWN,2007,5.49,6.26,6.7,7.11,7.4,7.18,6.86,6.93,6.63,5.9,5.64,5.13,6.5
Kohlapur,CLRSKY_SFC_SW_DWN,2008,5.56,6.09,6.91,7.25,7.52,6.67,6.81,6.76,6.62,6.11,5.44,5.16,6.44
Kohlapur,CLRSKY_SFC_SW_DWN,2009,5.57,6.2,6.75,7.12,7.24,7.15,6.92,6.76,6.44,5.95,5.43,4.97,6.41
Kohlapur,CLRSKY_SFC_SW_DWN,2010,5.22,6.08,6.63,7.23,7.23,7.23,6.99,6.92,6.63,5.91,5.41,5.09,6.37
Kohlapur,CLRSKY_SFC_SW_DWN,2011,5.62,6.21,6.93,7.12,7.23,6.83,6.81,6.8,6.65,5.82,5.42,5.1,6.38
Kohlapur,CLRSKY_SFC_SW_DWN,2012,5.55,6.26,6.95,7.11,7.32,7.19,6.75,6.88,6.6,6.06,5.24,5.22,6.38
Kohlapur,CLRSKY_SFC_SW_DWN,2013,5.47,6.09,6.81,7.3,7.18,6.82,6.93,6.87,6.6,5.93,5.34,5.29,6.43
Kohlapur,CLRSKY_SFC_SW_DWN,2014,5.25,6.09,6.77,6.84,7.19,7,6.9,6.81,6.49,5.93,5.27,4.97,6.39
Kohlapur,CLRSKY_SFC_SW_DWN,2015,5.4,6.34,6.64,7.2,7.17,7.01,6.9,6.85,6.42,5.84,5.34,5.11,6.29
Kohlapur,CLRSKY_SFC_SW_DWN,2016,5.36,6.02,6.69,7.15,7.36,6.93,6.8,6.9,6.34,6.05,5.33,5.24,6.35
Kohlapur,CLRSKY_SFC_SW_DWN,2017,5.33,6.31,6.98,7.28,7.17,7.12,6.92,6.82,6.44,5.81,5.35,5.02,6.35
Kohlapur,CLRSKY_SFC_SW_DWN,2018,5.09,6.2,6.61,7.07,6.88,6.83,6.71,6.52,6.7,5.97,5.43,4.87,6.38
Kohlapur,CLRSKY_SFC_SW_DWN,2019,5.35,6.23,6.89,7.19,7.41,7.04,7,6.72,6.54,5.96,5.33,4.83,6.24
Kohlapur,CLRSKY_SFC_SW_DWN,2020,5.28,6,6.84,7.09,7.21,7.16,7.08,6.85,6.57,5.67,5.35,5.05,6.37
Kohlapur,CLRSKY_SFC_SW_DWN,2021,5.13,5.93,6.63,6.91,6.97,7.1,6.98,6.82,6.52,5.89,5.23,4.88,6.34
Kohlapur,CLRSKY_SFC_SW_DWN,2022,5.33,6.03,6.38,6.64,6.88,7.03,6.98,6.88,6.7,6.03,5.09,4.97,6.25
,,,,,,,,,,,,,,,6.25
,,,,,,,,,,,,,,,
Nagpur,Temperature,2000,20.65,23.04,27.83,35.15,35.01,29.71,26.98,26.81,26.51,26.4,24.1,20.99,
Nagpur,Temperature,2001,21.81,25.42,29.8,32.73,36.28,28.3,26.69,26.4,27.16,24.43,22.03,19.86,26.93
Nagpur,Temperature,2002,20.3,24.93,29.93,34.33,36.83,31.9,28.2,26.33,25.73,25.05,22.57,22.58,26.75
Nagpur,Temperature,2003,21.94,25.33,28.39,34.58,36.76,32.68,27.01,26.26,25.83,24.13,21.83,18.73,27.4
Nagpur,Temperature,2004,19.58,22.2,30.8,35,36.01,31.75,27.96,26.3,26.97,23.79,22.43,20.8,26.95
Nagpur,Temperature,2005,21.17,23.21,28.92,32.89,36.69,34.6,26.98,26.49,26.62,23.87,19.45,18.4,26.97
Nagpur,Temperature,2006,20.59,26.33,26.98,33.67,35.47,32.11,26.88,25.78,26.32,25.39,22.37,20.87,26.62
Nagpur,Temperature,2007,21.47,25,28.91,34.38,37.27,31.59,27.19,26.55,26.39,23.13,21.3,20.89,26.88
Nagpur,Temperature,2008,21.12,22.66,29.31,33.51,36.45,29.24,26.98,26.42,26.17,24.29,21.9,21.33,27.01
Nagpur,Temperature,2009,23.19,26.48,30.03,33.98,37.11,33.97,26.98,26.87,27.01,24.17,21.93,20.54,26.62
Nagpur,Temperature,2010,19.58,26.11,31.34,35.3,37.22,33.62,27.31,26.83,26.25,24.65,23.19,18.83,27.68
Nagpur,Temperature,2011,18.69,24.11,29.5,31.44,36.98,30.98,27.75,26.4,26.01,24.21,21.98,20.26,27.51
Nagpur,Temperature,2012,20.47,24.17,28.76,34.59,37.27,32.01,26.67,26.06,26.2,23.95,21.6,20.65,26.53
Nagpur,Temperature,2013,20.98,24.52,29.05,33.65,38.08,29.8,26.3,26,26.36,24.7,20.49,19.05,26.87
Nagpur,Temperature,2014,20.51,23.06,26.88,33.79,36.02,35.12,28.73,26.82,25.99,24.59,22.74,19.16,26.59
Nagpur,Temperature,2015,19.39,24.57,27.28,31.29,36.15,31.12,27.48,26.66,26.62,25.69,23.41,22.05,26.95
Nagpur,Temperature,2016,21.72,26.9,29.93,35.66,37.01,33.29,26.69,26.12,26.08,23.79,20.27,18.69,26.81
Nagpur,Temperature,2017,20.23,25.19,29.19,34.73,37.39,31.59,27.44,26.79,27.07,25.73,21.83,19.66,27.16
Nagpur,Temperature,2018,20.41,24.59,30.05,33.87,37.14,30.35,26.54,26.08,25.84,25.51,23.84,19.54,27.23
Nagpur,Temperature,2019,19.08,23.18,29,34.63,37.49,35.58,28.07,26.29,26.01,24.15,21.08,18.17,26.98
Nagpur,Temperature,2020,17.98,20.85,26.55,33.22,35.26,29.51,27.75,26.48,27.16,24.85,20.5,19.12,26.9
Nagpur,Temperature,2021,21.05,23.53,29.37,33.24,33.85,29.51,27.87,27.05,26.71,24.58,21.87,19.19,25.77
Nagpur,Temperature,2022,18.38,21.58,30.19,35.42,36.87,33,26.83,26.37,26.32,23.87,19.73,20.15,26.49
Nagpur,Humidity,2000,35.31,35.31,14.62,13.81,36.75,67.69,81.56,84.81,80.75,60.5,38.12,18.06,26.58
Nagpur,Humidity,2001,25.12,16.25,29.38,29.81,30.56,73.5,81.81,87.31,78.44,79.12,68.75,50,47.31
Nagpur,Humidity,2002,41.56,37.31,20,16.94,26.19,59.69,76.25,87,82.62,70.19,52.31,34.94,54.38
Nagpur,Humidity,2003,27.75,45.25,31,23.38,16.38,53.94,85.5,88.69,89.56,82.12,74.25,67,50.5
Nagpur,Humidity,2004,61.88,40.38,18.88,20,32.19,57.94,77.5,86.5,83.25,71.75,60.5,42.94,57.12
Nagpur,Humidity,2005,41.56,51.56,32.25,21.38,21.94,44.31,84.81,86.75,85.5,81.06,66.94,59.06,54.56
Nagpur,Humidity,2006,40.12,21.56,47.06,24.38,36.06,54,83.75,88.81,86.25,75.19,73.81,58.75,56.5
Nagpur,Humidity,2007,34.38,34.69,25.81,19.62,22.88,61.81,83.44,86.31,86,71.19,63.38,55.69,57.75
Nagpur,Humidity,2008,37.31,27.12,32.06,22.38,21.88,68.12,82.5,87.44,85.5,73.56,69.06,49.19,53.88
Nagpur,Humidity,2009,41.19,22.38,19,14.56,25,47.88,85.38,85.69,82.75,70.31,71,62.31,54.75
Nagpur,Humidity,2010,41.81,31.19,20.56,16.38,23.88,51.38,85.56,88.69,86.12,82.19,81,66.75,52.5
Nagpur,Humidity,2011,49.44,36.88,20.5,40.44,24.06,61.81,79.94,88.31,86.69,75,64.81,55.06,56.5
Nagpur,Humidity,2012,48.06,27.5,14,19.62,18.19,57,85.31,89.38,86.62,74.44,70.12,57.75,57
Nagpur,Humidity,2013,40.75,42.88,26.88,27.06,18.94,70.38,87.94,89.38,85.56,83.25,76.69,65.88,54.06
Nagpur,Humidity,2014,61.5,42.81,48,23.88,27.88,42.38,73.5,83.5,83.56,76.62,61.25,50.88,59.69
Nagpur,Humidity,2015,48.88,34.25,43.06,37.94,28.94,63.69,80.38,86.12,82.06,72.88,68.94,42.62,56.44
Nagpur,Humidity,2016,32.25,30.5,32.31,20.69,28.88,52.94,87.38,87.56,87.56,76.12,64.5,56.31,57.62
Nagpur,Humidity,2017,47.25,26.81,21,13.69,25.5,61.69,80.88,84.94,83.88,74.69,68.25,52.5,54.88
Nagpur,Humidity,2018,29.94,35.75,22,24.06,26.12,67,85.5,86.44,81.88,66.38,52.25,51,53.62
Nagpur,Humidity,2019,39.44,33.81,27.56,19.94,18.94,42.69,79.38,88.19,91.56,85.19,80.62,77.81,52.44
Nagpur,Humidity,2020,69.56,57.31,50.88,26.88,31.56,70.12,83.06,89.12,84.81,81.25,75.31,63.94,57.25
Nagpur,Humidity,2021,50.62,32.12,25.31,20.19,39.56,71.38,81.5,84.25,86.88,78.31,78.5,66.19,65.38
Nagpur,Humidity,2022,66.06,48.44,23.31,17.94,27,52.62,87.81,89,87.69,82.88,73.75,67.94,59.75
Nagpur,Windspped,2000,1.64,1.88,2.44,2.39,2.86,2.97,2.82,2.64,1.74,1.12,1.16,1.53,60.5
Nagpur,Windspped,2001,1.52,1.83,1.84,1.88,2.77,3.38,3.16,2.67,1.34,1.35,1.42,1.15,2.1
Nagpur,Windspped,2002,1.7,1.91,2,2.19,3.45,3.2,3.11,2.84,2.3,1.35,1.52,1.38,2.03
Nagpur,Windspped,2003,1.62,1.88,1.84,1.88,3.28,3.45,2.76,2.62,2.3,2,1.01,1.48,2.25
Nagpur,Windspped,2004,1.62,1.64,1.7,2.45,2.91,3.23,2.54,3.16,1.28,1.59,1.33,1.48,2.18
Nagpur,Windspped,2005,1.84,1.69,1.88,2.01,2.38,2.97,2.96,2.57,2.06,1.73,1.3,1.45,2.08
Nagpur,Windspped,2006,1.52,1.41,1.84,1.94,2.71,2.86,3.53,3.29,1.59,1.16,1.11,1.19,2.07
Nagpur,Windspped,2007,1.47,1.93,2.07,1.86,2.76,3.26,2.87,2.35,1.7,1.49,1.22,1.52,2.02
Nagpur,Windspped,2008,1.77,1.82,1.71,1.8,3.15,3.06,2.6,2.27,1.8,1.15,1.52,1.31,2.04
Nagpur,Windspped,2009,1.56,1.64,1.81,2.04,2.59,2.93,3.16,2.12,1.8,1.5,1.59,1.31,2
Nagpur,Windspped,2010,1.59,1.84,1.79,2.43,2.91,3.16,2.3,1.83,1.7,1.66,1.4,1.45,2.01
Nagpur,Windspped,2011,1.56,1.68,1.84,1.83,2.52,3.38,2.52,2.01,1.91,1.27,1.24,1.42,2
Nagpur,Windspped,2012,1.84,1.88,1.91,1.95,2.8,3.41,3.37,2.83,1.72,1.25,1.32,1.38,1.93
Nagpur,Windspped,2013,1.73,1.89,1.88,2.28,3.08,3.15,3.53,2.68,1.53,1.64,1.38,1.3,2.14
Nagpur,Windspped,2014,1.66,1.93,1.78,2,2.69,3.38,3.77,2.34,2.09,1.38,1.32,1.75,2.18
Nagpur,Windspped,2015,1.78,1.73,1.68,2.24,2.76,2.77,3.13,2.69,1.59,1.06,1.42,1.61,2.17
Nagpur,Windspped,2016,1.55,1.7,1.81,2.2,2.92,2.72,3.05,2.76,1.99,1.41,1.17,1.37,2.04
Nagpur,Windspped,2017,1.45,1.7,1.91,2.58,2.68,2.97,3.13,2.28,1.32,0.98,1.27,1.46,2.05
Nagpur,Windspped,2018,1.45,1.46,1.63,1.89,2.62,2.89,3.4,3.19,2.01,1.26,1.2,1.62,1.98
Nagpur,Windspped,2019,1.63,1.88,2.02,1.72,2.79,2.85,3.48,3.02,2.27,1.45,1.3,1.59,2.05
Nagpur,Windspped,2020,1.7,1.88,1.73,1.68,2.05,2.42,1.77,2.93,1.18,1.5,1.59,1.36,2.17
Nagpur,Windspped,2021,1.53,1.46,1.6,1.49,2.61,2.79,2.66,2.16,1.9,1.43,1.65,1.52,1.82
Nagpur,Windspped,2022,1.61,1.55,1.52,1.74,2.77,2.5,2.61,2.45,1.95,1.58,1.22,1.47,1.91
Nagpur,Precipitation,2000,0,0,0,0,0,5.27,10.55,5.27,0,0,0,0,1.91
Nagpur,Precipitation,2001,0,0,0,0,0,10.55,10.55,10.55,5.27,5.27,0,0,0
Nagpur,Precipitation,2002,0,0,0,0,0,10.55,5.27,10.55,5.27,0,0,0,5.27
Nagpur,Precipitation,2003,0,0,0,0,0,10.55,10.55,10.55,5.27,0,0,0,5.27
Nagpur,Precipitation,2004,0,0,0,0,0,5.27,10.55,5.27,0,0,0,0,5.27
Nagpur,Precipitation,2005,5.27,0,0,0,0,5.27,10.55,5.27,10.55,5.27,0,0,0
Nagpur,Precipitation,2006,0,0,0,0,0,5.27,15.82,10.55,10.55,0,0,0,5.27
Nagpur,Precipitation,2007,0,0,0,0,0,10.55,10.55,5.27,5.27,0,0,0,5.27
Nagpur,Precipitation,2008,0,0,0,0,0,5.27,10.55,5.27,5.27,0,0,0,5.27
Nagpur,Precipitation,2009,0,0,0,0,0,5.27,10.55,10.55,5.27,0,0,0,5.27
Nagpur,Precipitation,2010,0,0,0,0,0,5.27,15.82,15.82,10.55,0,0,0,5.27
Nagpur,Precipitation,2011,0,0,0,0,0,5.27,5.27,10.55,5.27,0,0,0,5.27
Nagpur,Precipitation,2012,0,0,0,0,0,5.27,15.82,5.27,10.55,0,0,0,5.27
Nagpur,Precipitation,2013,0,0,0,0,0,15.82,21.09,5.27,5.27,5.27,0,0,5.27
Nagpur,Precipitation,2014,0,0,0,0,0,0,15.82,5.27,5.27,0,0,0,5.27
Nagpur,Precipitation,2015,0,0,0,0,0,15.82,5.27,15.82,5.27,0,0,0,5.27
Nagpur,Precipitation,2016,0,0,0,0,0,5.27,15.82,10.55,5.27,0,0,0,5.27
Nagpur,Precipitation,2017,0,0,0,0,0,5.27,15.82,10.55,5.27,0,0,0,5.27
Nagpur,Precipitation,2018,0,0,0,0,0,5.27,10.55,5.27,5.27,0,0,0,5.27
Nagpur,Precipitation,2019,0,0,0,0,0,5.27,10.55,10.55,15.82,0,0,0,5.27
Nagpur,Precipitation,2020,0,0,0,0,0,5.27,10.55,15.82,5.27,0,0,0,5.27
Nagpur,Precipitation,2021,0,0.19,0.34,0.09,1.33,7.33,11.01,5.3,10.82,0.88,0.23,0.6,5.27
Nagpur,Precipitation,2022,2.11,0.25,0.03,0.01,0.28,4.28,20.62,15.65,9.06,3.04,0,0.13,3.19
Nagpur,ALLSKY_SFC_SW_DWN,2000,4.84,5.01,6.47,7.08,6.41,4.83,3.97,4.47,5,5.66,4.87,4.53,4.67
Nagpur,ALLSKY_SFC_SW_DWN,2001,4.44,5.57,5.81,6.72,6.72,4.44,3.51,3.97,5.2,5.02,5.01,4.48,5.26
Nagpur,ALLSKY_SFC_SW_DWN,2002,4.51,4.93,6.11,6.77,6.89,4.8,4.67,3.21,5.35,5.53,5.06,4.4,5.07
Nagpur,ALLSKY_SFC_SW_DWN,2003,4.55,5.17,6.29,6.85,7,5.72,3.92,3.59,3.41,5.14,4.89,4.43,5.18
Nagpur,ALLSKY_SFC_SW_DWN,2004,4.36,5.68,6.33,7.02,6.85,5.37,4.16,3.68,5.1,5.62,4.86,4.49,5.08
Nagpur,ALLSKY_SFC_SW_DWN,2005,4.16,5.57,6.23,6.67,6.77,5.38,3.28,3.95,4.5,5.09,5.23,4.5,5.29
Nagpur,ALLSKY_SFC_SW_DWN,2006,4.96,5.72,5.82,6.88,6.62,5.34,3.06,3.56,5,5.32,4.49,4.26,5.1
Nagpur,ALLSKY_SFC_SW_DWN,2007,4.67,5.38,6.33,6.93,6.62,5.15,4.09,3.9,4.71,5.57,4.85,4.33,5.08
Nagpur,ALLSKY_SFC_SW_DWN,2008,4.49,5.46,5.63,7.17,6.96,4.09,4.08,3.98,4.88,5.47,4.58,4.41,5.21
Nagpur,ALLSKY_SFC_SW_DWN,2009,4.47,5.53,5.99,7.27,6.85,5.94,3.65,3.91,5.4,5.39,4.36,4.23,5.1
Nagpur,ALLSKY_SFC_SW_DWN,2010,4.76,4.94,6.15,7.19,6.93,5.78,3.67,4.13,4.65,4.76,4.39,4.18,5.24
Nagpur,ALLSKY_SFC_SW_DWN,2011,4.88,5.23,6.4,6.48,6.76,4.6,4.06,3.68,4.52,5.55,4.89,4.39,5.13
Nagpur,ALLSKY_SFC_SW_DWN,2012,4.1,5.44,6.65,6.72,6.82,5.21,3.01,3.26,4.56,5.47,4.49,4.38,5.12
Nagpur,ALLSKY_SFC_SW_DWN,2013,4.28,5,6,6.69,7.02,4.27,2.93,3.19,4.94,4.49,4.7,4.3,5
Nagpur,ALLSKY_SFC_SW_DWN,2014,4.04,5.02,5.89,6.84,6.61,5.76,3.72,4.52,4.65,4.96,4.72,4.28,4.81
Nagpur,ALLSKY_SFC_SW_DWN,2015,4.25,5.21,5.8,6.56,6.77,5.03,4.21,4.01,5.25,5.29,4.53,4.12,5.08
Nagpur,ALLSKY_SFC_SW_DWN,2016,4.5,4.96,5.91,6.89,6.83,5.54,3.48,3.75,4.28,5.32,5,4.53,5.08
Nagpur,ALLSKY_SFC_SW_DWN,2017,4.36,5.75,6.66,7.36,6.82,5.42,3.71,3.99,4.82,5.04,4.62,4.44,5.08
Nagpur,ALLSKY_SFC_SW_DWN,2018,4.93,5.14,6.02,6.68,6.75,5.4,3.25,3.27,4.85,5.61,4.77,3.9,5.24
Nagpur,ALLSKY_SFC_SW_DWN,2019,4.52,5.42,6.36,6.88,7.19,5.82,3.97,3.3,3.35,4.61,4.48,3.79,5.04
Nagpur,ALLSKY_SFC_SW_DWN,2020,4.05,5.01,5.77,6.76,7.17,4.64,4.32,3.2,4.55,4.66,4.68,4.13,4.97
Nagpur,ALLSKY_SFC_SW_DWN,2021,4.2,5.43,5.9,6.34,6.18,4.7,3.9,4.11,4.06,5.24,4.3,3.97,4.91
Nagpur,ALLSKY_SFC_SW_DWN,2022,4.23,5.32,6.17,6.62,6.48,5.1,3.19,4.05,4.11,5.01,4.9,4.2,4.86
Nagpur,CLRSKY_SFC_SW_DWN,2000,4.83,5.34,6.45,7.11,7.23,7.11,7.1,6.61,6.12,5.63,4.86,4.57,4.94
Nagpur,CLRSKY_SFC_SW_DWN,2001,4.93,5.96,6.55,7.5,7.65,7.11,7.12,6.78,6.41,5.86,5.12,4.79,6.08
Nagpur,CLRSKY_SFC_SW_DWN,2002,4.96,5.61,6.81,7.46,7.58,7.18,6.7,6.72,6.54,5.92,5.15,4.66,6.31
Nagpur,CLRSKY_SFC_SW_DWN,2003,4.92,5.65,6.78,7.45,7.64,7.4,7.13,6.87,6.22,5.82,4.98,4.75,6.28
Nagpur,CLRSKY_SFC_SW_DWN,2004,4.9,5.99,6.86,7.5,7.47,7.23,6.88,6.98,6.42,5.86,5.04,4.72,6.3
Nagpur,CLRSKY_SFC_SW_DWN,2005,4.82,5.87,6.8,7.4,7.78,7.35,7.01,6.8,6.36,5.85,5.27,4.75,6.32
Nagpur,CLRSKY_SFC_SW_DWN,2006,5.21,6.05,6.6,7.38,7.35,7.32,6.74,6.97,6.37,5.81,4.87,4.5,6.34
Nagpur,CLRSKY_SFC_SW_DWN,2007,4.97,5.74,6.77,7.41,7.56,7.35,6.95,6.7,6.32,5.83,4.95,4.48,6.26
Nagpur,CLRSKY_SFC_SW_DWN,2008,4.76,5.86,6.46,7.51,7.67,6.74,6.83,6.74,6.4,5.79,4.79,4.66,6.25
Nagpur,CLRSKY_SFC_SW_DWN,2009,4.78,5.84,6.67,7.64,7.56,7.28,7.08,6.5,6.4,5.88,4.94,4.47,6.18
Nagpur,CLRSKY_SFC_SW_DWN,2010,5.07,5.54,6.68,7.54,7.57,7.27,6.94,6.82,6.4,5.6,4.86,4.6,6.25
Nagpur,CLRSKY_SFC_SW_DWN,2011,5.09,5.62,6.78,7.07,7.59,6.85,6.87,6.79,6.38,5.72,4.9,4.6,6.24
Nagpur,CLRSKY_SFC_SW_DWN,2012,4.63,5.81,7.03,7.38,7.65,7.12,6.65,6.75,6.28,5.78,4.76,4.61,6.19
Nagpur,CLRSKY_SFC_SW_DWN,2013,4.73,5.41,6.58,7.27,7.73,6.86,6.9,6.78,6.2,5.62,4.8,4.46,6.2
Nagpur,CLRSKY_SFC_SW_DWN,2014,4.43,5.58,6.61,7.38,7.54,7.3,6.84,6.67,6.32,5.58,4.87,4.58,6.12
Nagpur,CLRSKY_SFC_SW_DWN,2015,4.7,5.68,6.58,7.16,7.52,6.96,6.79,6.61,6.23,5.47,4.67,4.4,6.14
Nagpur,CLRSKY_SFC_SW_DWN,2016,4.83,5.41,6.47,7.34,7.57,7.04,6.79,6.72,6.17,5.71,5,4.72,6.06
Nagpur,CLRSKY_SFC_SW_DWN,2017,4.66,5.79,6.82,7.59,7.51,7.1,7.01,6.56,6.12,5.58,4.76,4.52,6.15
Nagpur,CLRSKY_SFC_SW_DWN,2018,4.97,5.56,6.39,7.25,7.32,6.84,6.55,6.47,6.28,5.74,4.85,4.21,6.17
Nagpur,CLRSKY_SFC_SW_DWN,2019,4.72,5.58,6.6,7.44,7.73,7.19,6.71,6.67,6.26,5.42,4.65,4.08,6.04
Nagpur,CLRSKY_SFC_SW_DWN,2020,4.52,5.38,6.34,7.25,7.69,6.89,6.9,6.73,5.98,5.4,4.89,4.36,6.09
Nagpur,CLRSKY_SFC_SW_DWN,2021,4.46,5.66,6.35,7.15,7.3,6.77,6.76,6.51,6.26,5.69,4.64,4.12,6.03
Nagpur,CLRSKY_SFC_SW_DWN,2022,4.64,5.57,6.45,7.17,7.2,7.07,7.12,6.79,6.04,5.74,4.92,4.4,5.97
,,,,,,,,,,,,,,,6.09
,,,,,,,,,,,,,,,
Satara,Temperature,2000,23.26,22.98,26.49,29.62,27.35,24.67,23.33,23.38,23.98,23.95,22.36,21.53,
Satara,Temperature,2001,23.05,24.92,25.62,29.72,27.98,24.78,23.86,23.27,23.64,23.18,22.13,21.79,24.4
Satara,Temperature,2002,21.04,25.68,28.1,30.56,28.66,25.58,24.15,23.36,23.32,24.31,22.8,22.2,24.48
Satara,Temperature,2003,24.05,25.62,27.94,30.4,29.48,26.3,24.27,23.8,23.49,23.98,23.44,22.5,24.97
Satara,Temperature,2004,22.64,25.55,29.33,29.3,27.78,24.65,23.97,23.26,23.82,22.86,22.47,21.48,25.44
Satara,Temperature,2005,22.58,24.55,27.01,29.23,28.9,26.37,24.3,23.67,23.69,23.05,20.05,20.08,24.75
Satara,Temperature,2006,22.05,25.9,26.64,28.81,28.65,24.97,23.61,23.05,23.83,23.86,22.3,20.8,24.45
Satara,Temperature,2007,22.59,24.16,27.89,30.26,28.88,26.2,24.3,23.78,23.8,23.17,21.3,21.77,24.52
Satara,Temperature,2008,21.5,23.54,27.68,29.28,28.05,25.04,24.12,23.52,23.46,23.09,22.38,22.11,24.84
Satara,Temperature,2009,23.46,26.01,28.5,30.24,29.27,25.82,23.97,23.96,24.39,23.37,22.01,20.86,24.48
Satara,Temperature,2010,22.28,24.55,28.6,30.03,30.03,25.83,24.15,23.8,24.04,23.85,23.37,19.52,25.14
Satara,Temperature,2011,21.07,23.55,28.23,28.84,28.68,25.05,23.98,23.68,23.32,23.89,21.98,21.73,25
Satara,Temperature,2012,21.02,25.02,27.06,29.7,28.91,26.01,24.09,23.83,23.49,23.47,22.09,21.98,24.51
Satara,Temperature,2013,22.3,25.42,27.87,28.47,28.91,24.9,23.58,23.3,23.8,23.62,22.08,20.71,24.72
Satara,Temperature,2014,22.28,23.63,27.4,29.93,29.62,27.31,24.63,23.95,23.75,23.82,22.11,21.18,24.57
Satara,Temperature,2015,21.25,24.59,26.89,28.73,29.23,25.55,24.51,24.12,24.13,25.01,23.59,23,24.97
Satara,Temperature,2016,22.72,25.24,28.4,29.78,29.67,25.85,23.85,23.51,22.98,22.37,20.41,21.26,25.05
Satara,Temperature,2017,22.16,25.76,26.91,29.2,29.55,25.65,24.18,23.73,24.4,23.8,21.12,20.26,24.66
Satara,Temperature,2018,21.52,25.03,27.97,29.9,29.31,25.48,23.84,23.25,23.52,24.24,23.02,21.51,24.72
Satara,Temperature,2019,22.09,24.71,27.26,30.08,29.64,27.24,24.57,23.82,23.87,23.85,22.52,22.05,24.87
Satara,Temperature,2020,20.88,24.25,26.67,30.37,30.45,25.12,24.29,23.98,24.08,24.12,22.62,21.08,25.14
Satara,Temperature,2021,23.09,23.94,28.78,29.62,28.02,24.94,24.15,23.67,23.7,23.93,23.28,20.62,24.82
Satara,Temperature,2022,19.91,22.79,28.76,30.04,28.65,26,23.9,23.59,23.65,22.94,21.33,22.07,24.81
Satara,Humidity,2000,36.31,51.12,38.25,50.06,68.88,87.94,91.25,91.31,88,79.75,64.69,39.69,24.48
Satara,Humidity,2001,46.94,34.44,49.88,44.69,64.94,85.12,89.31,92.25,90,83,69.38,52.38,65.62
Satara,Humidity,2002,50.81,41.25,40.5,42.25,65.5,84.56,89.44,91.44,88.62,75.44,60.94,49.81,67.06
Satara,Humidity,2003,44.19,42.12,37,43,56.25,80,92.19,91.38,90.19,78.94,62.31,46.19,65.19
Satara,Humidity,2004,46.69,35.06,37.12,49.19,68.31,88.75,90.56,92.62,89.38,80.12,66.44,49,63.75
Satara,Humidity,2005,44.5,42.81,43.12,46.44,58.88,81.06,92.56,92.56,92.5,82,71.62,59.31,66.19
Satara,Humidity,2006,44.69,34.38,47.88,48.69,62.25,88.38,92.75,93.44,91.75,82.56,79,60.94,67.44
Satara,Humidity,2007,48.56,50.69,40.25,45.38,61.25,82.06,92.12,92.75,91.75,79.12,70.31,61.56,69.06
Satara,Humidity,2008,44.12,40.31,43.19,47.56,63.56,86.62,89.81,91.88,90.75,78.62,70.19,57.62,68.06
Satara,Humidity,2009,45.31,35.56,37.69,45,56.88,80.62,92.88,90.81,89.69,80.69,79,69.31,67.06
Satara,Humidity,2010,58.5,48.75,40.56,46.94,58.5,85.31,92.38,92.62,90.56,85.31,85.06,72.75,67.12
Satara,Humidity,2011,52.69,49.69,34.88,50.62,60,87.19,91.75,92.5,91.06,82.62,69.31,52.62,71.56
Satara,Humidity,2012,50.31,31.38,32.56,44.69,57.94,78.31,91.38,91.88,90.88,80.56,72.31,58.19,68
Satara,Humidity,2013,48.62,44.19,38.5,51.19,61.12,88.75,93.75,91.81,90.44,86.5,74.06,58.75,65.12
Satara,Humidity,2014,55.56,49.31,42.12,42.56,55.31,73.94,88.81,91.12,88.88,78.62,69.56,58.25,69.12
Satara,Humidity,2015,52.44,38.69,49.19,51,60.81,82.31,88.5,89,86.88,77.69,67.69,51.5,66.25
Satara,Humidity,2016,41,46.25,41.69,46.88,58.88,82.75,93.38,92.62,91.94,81.75,63.94,52.94,66.5
Satara,Humidity,2017,43.75,33.31,44.44,47.06,58.88,84.31,91.81,91.56,90.44,83.25,72.25,66.44,66.19
Satara,Humidity,2018,50.81,37,40.56,43.75,59.31,87.12,93,92.56,87.75,73,64.19,52.81,67.5
Satara,Humidity,2019,34.75,38.44,39.5,44.44,53.88,75.44,92.69,93,93.06,88.06,82.25,78.94,65.31
Satara,Humidity,2020,68.88,49.56,47.94,45.38,55.88,87.69,91.81,94.06,91.94,88.62,80.38,72.56,68.06
Satara,Humidity,2021,67.31,48.12,36.88,47.06,70.62,89.25,92.62,90.88,92.38,84.38,82.25,78.5,73
Satara,Humidity,2022,68.56,54.5,39,47.38,64,78.94,92.31,92.5,91.44,85.12,77.44,70.69,73.5
Satara,Windspeed,2000,2.07,2.18,2.15,2.78,3.21,3.59,4.59,3.86,2.22,1.2,1.75,2.25,71.94
Satara,Windspeed,2001,1.77,1.95,2.37,2.16,3.51,4.73,4.86,3.98,1.99,2.12,2.03,1.98,2.66
Satara,Windspeed,2002,2.2,1.85,2.2,2.33,3.27,3.81,4.52,4.21,2.2,1.8,1.77,1.8,2.8
Satara,Windspeed,2003,1.72,2.05,2.17,2.38,3.41,4.06,4.18,3.79,2.73,1.61,1.87,1.88,2.67
Satara,Windspeed,2004,1.98,1.87,1.99,2.58,2.95,4.25,3.87,4.79,2.09,2.16,2.2,2.31,2.66
Satara,Windspeed,2005,1.87,2,2.22,1.95,2.89,4.11,4.49,4.1,3.24,1.8,2.4,2.1,2.76
Satara,Windspeed,2006,2.21,1.91,2.17,2.76,3.17,3.12,5.44,4.45,2.23,2.05,2.02,2.19,2.77
Satara,Windspeed,2007,1.7,1.93,2.18,2.23,3.13,4.16,4.43,4.05,2.82,1.8,2.01,2.04,2.82
Satara,Windspeed,2008,1.99,2,1.69,2.23,3.24,4.52,4.18,3.59,2.56,1.96,2.33,1.9,2.71
Satara,Windspeed,2009,1.82,1.87,2.07,2.3,3.09,3.48,5.55,3.3,2.19,2.04,2.26,1.91,2.68
Satara,Windspeed,2010,1.82,1.9,2.13,2.16,3.23,3.48,4.22,3.66,2.34,1.82,1.77,1.92,2.66
Satara,Windspeed,2011,1.91,1.91,2.19,2.23,3.15,4.83,4.39,4.04,2.77,1.77,2.48,2.09,2.54
Satara,Windspeed,2012,1.97,2.05,2.09,2.25,3.61,4.05,4.41,4.05,2.89,1.94,1.52,1.86,2.81
Satara,Windspeed,2013,1.78,2.05,2.38,2.64,3.39,4.45,5.33,3.7,2.29,1.86,1.98,1.98,2.73
Satara,Windspeed,2014,1.87,2.27,2.12,2.12,2.65,4.12,5.11,3.41,2.55,1.62,2.01,2.07,2.83
Satara,Windspeed,2015,1.95,2.02,1.99,2.32,2.74,4.14,4.55,3.15,2.1,1.45,1.91,2.06,2.66
Satara,Windspeed,2016,1.86,1.88,2.07,2.56,3.22,3.77,4.22,4.05,2.59,1.79,2.05,2.16,2.54
Satara,Windspeed,2017,1.88,2.12,2.02,2.36,2.89,3.82,4.75,3.09,1.96,1.43,1.89,2.13,2.69
Satara,Windspeed,2018,1.68,1.7,1.93,2.2,2.77,3.77,4.98,4.57,1.89,1.5,1.7,1.98,2.53
Satara,Windspeed,2019,1.93,2.05,2.18,2.32,3.2,3.42,4.13,4.13,3.22,1.7,1.78,1.84,2.56
Satara,Windspeed,2020,1.79,1.94,2.25,2.21,2.86,3.17,3.34,4.25,2.12,1.55,1.95,1.88,2.66
Satara,Windspeed,2021,1.48,2.02,1.82,1.99,2.69,3.19,4.07,2.78,2.99,1.59,1.9,1.73,2.45
Satara,Windspeed,2022,1.7,1.8,1.88,1.82,3.38,3.27,4.32,3.91,2.27,1.84,2.06,1.91,2.35
Satara,Precipitation,2000,0,0,0,0,5.27,10.55,15.82,10.55,0,0,0,0,2.52
Satara,Precipitation,2001,0,0,0,0,0,10.55,10.55,10.55,5.27,5.27,0,0,5.27
Satara,Precipitation,2002,0,0,0,0,0,21.09,5.27,10.55,5.27,5.27,0,0,5.27
Satara,Precipitation,2003,0,0,0,0,0,15.82,15.82,5.27,5.27,0,0,0,5.27
Satara,Precipitation,2004,0,0,0,0,5.27,21.09,10.55,15.82,5.27,0,0,0,5.27
Satara,Precipitation,2005,0,0,0,0,0,15.82,26.37,15.82,15.82,5.27,0,0,5.27
Satara,Precipitation,2006,0,0,0,0,10.55,15.82,21.09,21.09,10.55,5.27,0,0,5.27
Satara,Precipitation,2007,0,0,0,0,0,26.37,15.82,21.09,10.55,0,0,0,5.27
Satara,Precipitation,2008,0,0,0,0,0,15.82,10.55,15.82,15.82,0,0,0,5.27
Satara,Precipitation,2009,0,0,0,0,0,10.55,26.37,10.55,10.55,5.27,5.27,0,5.27
Satara,Precipitation,2010,0,0,0,0,0,15.82,26.37,15.82,5.27,5.27,0,0,5.27
Satara,Precipitation,2011,0,0,0,0,0,15.82,26.37,15.82,10.55,5.27,0,0,5.27
Satara,Precipitation,2012,0,0,0,0,0,10.55,21.09,10.55,5.27,5.27,0,0,5.27
Satara,Precipitation,2013,0,0,0,0,0,21.09,21.09,5.27,10.55,5.27,0,0,5.27
Satara,Precipitation,2014,0,0,0,0,0,5.27,26.37,15.82,5.27,0,0,0,5.27
Satara,Precipitation,2015,0,0,0,0,0,15.82,5.27,5.27,5.27,0,0,0,5.27
Satara,Precipitation,2016,0,0,0,0,0,15.82,31.64,21.09,10.55,0,0,0,5.27
Satara,Precipitation,2017,0,0,0,0,0,15.82,21.09,10.55,15.82,5.27,0,0,5.27
Satara,Precipitation,2018,0,0,0,0,0,15.82,26.37,15.82,5.27,0,0,0,5.27
Satara,Precipitation,2019,0,0,0,0,0,10.55,31.64,31.64,21.09,10.55,0,0,5.27
Satara,Precipitation,2020,0,0,0,0,0,15.82,15.82,31.64,10.55,10.55,0,0,10.55
Satara,Precipitation,2021,0.17,0.19,0,0.76,7.64,20.59,36.39,7.74,11.33,2.91,1.79,2.59,5.27
Satara,Precipitation,2022,0.05,0,0.08,0.75,0.98,10.49,25.94,20.66,10.25,6.54,0.03,0.05,7.73
Satara,ALLSKY_SFC_SW_DWN,2000,5.19,6.11,6.71,7.33,6.69,5.1,5.18,4.68,5.39,5.27,4.9,4.72,6.38
Satara,ALLSKY_SFC_SW_DWN,2001,4.71,6.05,6.65,6.48,6.89,4.87,4.08,4.09,4.79,5.08,5.17,4.84,5.6
Satara,ALLSKY_SFC_SW_DWN,2002,5.1,5.61,6.46,6.88,6.89,4.55,4.56,4,5.27,5.23,5.29,4.94,5.3
Satara,ALLSKY_SFC_SW_DWN,2003,4.73,5.86,6.44,6.75,7.28,5.4,4.26,4.28,4.8,5.37,5.09,5.02,5.39
Satara,ALLSKY_SFC_SW_DWN,2004,5.12,6.06,6.83,7.17,6.23,4.86,4.58,4.19,4.73,5.42,4.94,5.09,5.44
Satara,ALLSKY_SFC_SW_DWN,2005,4.95,6.06,6.76,6.41,6.89,5.08,3.92,3.97,4.04,5.02,5.48,4.88,5.43
Satara,ALLSKY_SFC_SW_DWN,2006,5.32,6.07,6.35,6.96,6.54,5.23,3.74,3.81,4.8,4.92,4.53,4.88,5.28
Satara,ALLSKY_SFC_SW_DWN,2007,5.11,5.99,6.5,6.77,6.75,5.02,4.18,4.26,4.37,5.32,5.2,4.62,5.26
Satara,ALLSKY_SFC_SW_DWN,2008,5.21,5.69,6.07,7.03,7.2,4.56,4.55,4.15,4.66,5.67,4.8,4.79,5.34
Satara,ALLSKY_SFC_SW_DWN,2009,5.25,5.98,6.38,6.72,6.74,5.72,3.82,4.51,4.66,5.02,4.48,4.64,5.36
Satara,ALLSKY_SFC_SW_DWN,2010,4.69,5.61,6.24,6.75,6.91,5.02,4.03,4.2,4.58,5.05,4.23,4.73,5.32
Satara,ALLSKY_SFC_SW_DWN,2011,5.34,5.93,6.77,6.62,6.7,4.33,4.1,4,4.47,4.86,4.93,4.83,5.17
Satara,ALLSKY_SFC_SW_DWN,2012,5.21,5.86,6.82,6.58,7,5.43,3.96,4.36,4.47,4.93,4.66,4.81,5.24
Satara,ALLSKY_SFC_SW_DWN,2013,5.03,5.61,6.39,7.13,6.58,4.32,3.42,4.27,4.76,4.81,4.82,5.01,5.34
Satara,ALLSKY_SFC_SW_DWN,2014,4.73,5.66,6.14,6.31,6.41,5.73,3.96,4.25,4.58,5.07,4.84,4.62,5.17
Satara,ALLSKY_SFC_SW_DWN,2015,4.89,5.94,6.01,6.78,6.56,5.13,4.81,4.57,5.04,5.09,4.63,4.79,5.19
Satara,ALLSKY_SFC_SW_DWN,2016,4.92,5.62,6.39,6.75,6.91,4.55,3.59,4.17,4.14,4.99,5.26,4.81,5.35
Satara,ALLSKY_SFC_SW_DWN,2017,4.95,6.06,6.79,7.27,6.6,5,4.36,4.4,4.56,4.8,4.99,4.54,5.17
Satara,ALLSKY_SFC_SW_DWN,2018,4.93,5.56,6.03,6.64,6.44,4.5,3.54,3.64,5.19,5.33,4.78,4.55,5.35
Satara,ALLSKY_SFC_SW_DWN,2019,5.13,5.87,6.76,6.95,7.32,5.23,4.08,4.06,4.11,4.29,4.62,3.95,5.09
Satara,ALLSKY_SFC_SW_DWN,2020,4.79,5.5,6.39,6.66,6.76,4.93,4.3,3.7,4.4,4.35,4.77,4.64,5.19
Satara,ALLSKY_SFC_SW_DWN,2021,4.4,5.56,6.29,6.31,5.57,4.82,4,4.24,4.22,5.26,3.95,4.02,5.09
Satara,ALLSKY_SFC_SW_DWN,2022,4.82,5.69,5.74,6.04,6.1,5.19,3.78,4.16,4.24,4.64,4.9,4.41,4.88
Satara,CLRSKY_SFC_SW_DWN,2000,5.19,6.1,6.71,7.42,7.27,7.14,7.27,7.1,6.3,5.9,5.04,4.85,4.97
Satara,CLRSKY_SFC_SW_DWN,2001,5.3,6.33,7.01,7.23,7.63,7.11,6.85,6.83,6.48,6.08,5.46,5.11,6.36
Satara,CLRSKY_SFC_SW_DWN,2002,5.48,6.07,6.84,7.35,7.41,7.07,6.82,6.7,6.62,6.05,5.52,5.13,6.45
Satara,CLRSKY_SFC_SW_DWN,2003,5.15,6.14,6.75,7.39,7.64,7.3,6.93,6.84,6.54,6.04,5.44,5.18,6.42
Satara,CLRSKY_SFC_SW_DWN,2004,5.39,6.21,6.95,7.49,7.36,7.18,7.06,6.83,6.6,6.12,5.42,5.26,6.44
Satara,CLRSKY_SFC_SW_DWN,2005,5.37,6.29,7.05,7.23,7.54,7.18,6.89,6.82,6.51,6.02,5.64,5.18,6.49
Satara,CLRSKY_SFC_SW_DWN,2006,5.54,6.31,6.86,7.3,7.39,7.17,6.74,6.8,6.5,5.94,5.25,5.06,6.48
Satara,CLRSKY_SFC_SW_DWN,2007,5.33,6.14,6.72,7.2,7.46,7.26,6.81,6.82,6.54,5.94,5.46,4.95,6.4
Satara,CLRSKY_SFC_SW_DWN,2008,5.36,6.03,6.75,7.3,7.61,6.62,6.73,6.71,6.54,6.05,5.3,5.03,6.38
Satara,CLRSKY_SFC_SW_DWN,2009,5.4,6.07,6.76,7.26,7.28,7.18,6.89,6.66,6.38,5.96,5.34,4.93,6.34
Satara,CLRSKY_SFC_SW_DWN,2010,5.1,5.93,6.6,7.25,7.36,7.18,6.94,6.88,6.5,5.83,5.32,5.03,6.34
Satara,CLRSKY_SFC_SW_DWN,2011,5.48,6.11,6.92,7.14,7.34,6.83,6.79,6.72,6.49,5.79,5.28,5,6.33
Satara,CLRSKY_SFC_SW_DWN,2012,5.42,6.14,7,7.2,7.47,7.2,6.7,6.72,6.45,5.86,5.12,5.05,6.32
Satara,CLRSKY_SFC_SW_DWN,2013,5.24,5.92,6.76,7.35,7.32,6.87,6.9,6.8,6.47,5.79,5.26,5.15,6.36
Satara,CLRSKY_SFC_SW_DWN,2014,5.08,6.01,6.66,7.01,7.26,7.07,6.9,6.73,6.36,5.77,5.2,4.93,6.32
Satara,CLRSKY_SFC_SW_DWN,2015,5.27,6.2,6.63,7.21,7.27,7.08,6.79,6.79,6.32,5.67,5.11,5.01,6.25
Satara,CLRSKY_SFC_SW_DWN,2016,5.2,5.94,6.64,7.15,7.48,7,6.8,6.81,6.19,5.87,5.31,5.16,6.28
Satara,CLRSKY_SFC_SW_DWN,2017,5.17,6.16,6.94,7.43,7.25,7.08,6.92,6.65,6.35,5.71,5.22,4.87,6.3
Satara,CLRSKY_SFC_SW_DWN,2018,4.99,6.01,6.46,7.12,7.06,6.76,6.66,6.45,6.49,5.77,5.22,4.75,6.31
Satara,CLRSKY_SFC_SW_DWN,2019,5.19,5.99,6.89,7.35,7.58,7.06,6.88,6.7,6.43,5.8,5.1,4.56,6.14
Satara,CLRSKY_SFC_SW_DWN,2020,5.07,5.82,6.74,7.13,7.39,7.09,7.05,6.83,6.35,5.63,5.24,4.85,6.29
Satara,CLRSKY_SFC_SW_DWN,2021,4.85,5.78,6.52,6.92,6.96,7.09,6.86,6.74,6.44,5.8,5.1,4.55,6.27
Satara,CLRSKY_SFC_SW_DWN,2022,5.16,5.89,6.34,6.77,7.04,7.07,7.07,6.85,6.49,6,5.06,4.79,6.13
,,,,,,,,,,,,,,,6.21
